Model,Accuracy,Precision,Recall,F1 Score
Logistic Regression,0.8475053870379579,0.7354368932038835,0.6051930758988016,0.6639883126369612
Random Forest,0.849494447207028,0.7298761609907121,0.6278295605858855,0.6750178954903364
