sex,accuracy,count
Female,0.9260581336053034,1961.0
Male,0.8172888015717092,4072.0
