sex,predicted
Female,0.0912799592044875
Male,0.2829076620825147
