sex,accuracy,positive_rate,count
Female,0.8,0.3333333333333333,15.0
Male,0.5757575757575758,0.30303030303030304,33.0
