race,accuracy,positive_rate,count
Amer-Indian-Eskimo,1.0,0.0,1.0
Asian-Pac-Islander,0.5,0.5,2.0
Black,0.5,0.16666666666666666,6.0
White,0.6666666666666666,0.3333333333333333,39.0
