Metric,LLM
Accuracy,0.6458333333333334
Precision,0.4
Recall,0.42857142857142855
F1,0.41379310344827586
