Model,Accuracy
Random Forest,0.849494447207028
LLM,0.6458333333333334
