race,predicted
Amer-Indian-Eskimo,0.09259259259259259
Asian-Pac-Islander,0.2620320855614973
Black,0.10243055555555555
Other,0.15
White,0.23415765069551778
