race,accuracy,count
Amer-Indian-Eskimo,0.9444444444444444,54.0
Asian-Pac-Islander,0.8609625668449198,187.0
Black,0.9149305555555556,576.0
Other,0.9,40.0
White,0.8440880989180835,5176.0
